<?xml version="1.0" encoding="UTF-8"?>
<root>
<header>
<header>주차장관리번호</header>
<header>주차장명</header>
<header>주차장구분</header>
<header>주차장유형</header>
<header>소재지도로명주소</header>
<header>소재지지번주소</header>
<header>주차구획수</header>
<header>급지구분</header>
<header>부제시행구분</header>
<header>운영요일</header>
<header>평일운영시작시각</header>
<header>평일운영종료시각</header>
<header>토요일운영시작시각</header>
<header>토요일운영종료시각</header>
<header>공휴일운영시작시각</header>
<header>공휴일운영종료시각</header>
<header>요금정보</header>
<header>주차기본시간</header>
<header>주차기본요금</header>
<header>추가단위시간</header>
<header>추가단위요금</header>
<header>_1일주차권요금적용시간</header>
<header>_1일주차권요금</header>
<header>월정기권요금</header>
<header>결제방법</header>
<header>특기사항</header>
<header>관리기관명</header>
<header>전화번호</header>
<header>위도</header>
<header>경도</header>
<header>데이터기준일자</header>
</header>
<Row>
<주차장관리번호>101-3-000001</주차장관리번호>
<주차장명>중구구민회관 부설주차장</주차장명>
<주차장구분>공영</주차장구분>
<주차장유형>부설</주차장유형>
<소재지도로명주소>서울특별시 중구 을지로39길 40</소재지도로명주소>
<소재지지번주소>서울특별시 중구 을지로6가 18-14</소재지지번주소>
<주차구획수>71</주차구획수>
<급지구분>2</급지구분>
<부제시행구분>요일제</부제시행구분>
<운영요일>평일+토요일+공휴일</운영요일>
<평일운영시작시각>00:00</평일운영시작시각>
<평일운영종료시각>00:00</평일운영종료시각>
<토요일운영시작시각>00:00</토요일운영시작시각>
<토요일운영종료시각>00:00</토요일운영종료시각>
<공휴일운영시작시각>00:00</공휴일운영시작시각>
<공휴일운영종료시각>00:00</공휴일운영종료시각>
<요금정보>유료</요금정보>
<주차기본시간>5</주차기본시간>
<주차기본요금>250</주차기본요금>
<추가단위시간>5</추가단위시간>
<추가단위요금>250</추가단위요금>
<_1일주차권요금적용시간>0</_1일주차권요금적용시간>
<_1일주차권요금>0</_1일주차권요금>
<월정기권요금>240000</월정기권요금>
<결제방법>신용카드</결제방법>
<특기사항/>
<관리기관명>서울특별시 중구청</관리기관명>
<전화번호>02-2265-7765</전화번호>
<위도>37.568554</위도>
<경도>127.005908</경도>
<데이터기준일자>2018-11-05</데이터기준일자>
</Row>
<Row>
<주차장관리번호>101-1-000001</주차장관리번호>
<주차장명>영국대사관옆 공영주차장</주차장명>
<주차장구분>공영</주차장구분>
<주차장유형>노상</주차장유형>
<소재지도로명주소>서울특별시 중구 세종대로19길</소재지도로명주소>
<소재지지번주소>서울특별시 중구 정동 5</소재지지번주소>
<주차구획수>13</주차구획수>
<급지구분>1</급지구분>
<부제시행구분>미시행</부제시행구분>
<운영요일>평일+토요일</운영요일>
<평일운영시작시각>08:00</평일운영시작시각>
<평일운영종료시각>20:00</평일운영종료시각>
<토요일운영시작시각>09:00</토요일운영시작시각>
<토요일운영종료시각>22:00</토요일운영종료시각>
<공휴일운영시작시각>00:00</공휴일운영시작시각>
<공휴일운영종료시각>00:00</공휴일운영종료시각>
<요금정보>유료</요금정보>
<주차기본시간>5</주차기본시간>
<주차기본요금>600</주차기본요금>
<추가단위시간>5</추가단위시간>
<추가단위요금>600</추가단위요금>
<_1일주차권요금적용시간>0</_1일주차권요금적용시간>
<_1일주차권요금>0</_1일주차권요금>
<월정기권요금>250000</월정기권요금>
<결제방법>현금+신용카드</결제방법>
<특기사항/>
<관리기관명>서울특별시 중구청</관리기관명>
<전화번호>02-2280-8360</전화번호>
<위도>37.566484</위도>
<경도>126.976121</경도>
<데이터기준일자>2018-11-05</데이터기준일자>
</Row>
<Row>
<주차장관리번호>101-1-000002</주차장관리번호>
<주차장명>삼풍상가 공영주차장</주차장명>
<주차장구분>공영</주차장구분>
<주차장유형>노상</주차장유형>
<소재지도로명주소>서울특별시 중구 을지로20길</소재지도로명주소>
<소재지지번주소>서울특별시 중구 인현동2가 56</소재지지번주소>
<주차구획수>98</주차구획수>
<급지구분>1</급지구분>
<부제시행구분>미시행</부제시행구분>
<운영요일>평일+토요일</운영요일>
<평일운영시작시각>09:00</평일운영시작시각>
<평일운영종료시각>20:00</평일운영종료시각>
<토요일운영시작시각>09:00</토요일운영시작시각>
<토요일운영종료시각>16:00</토요일운영종료시각>
<공휴일운영시작시각>00:00</공휴일운영시작시각>
<공휴일운영종료시각>00:00</공휴일운영종료시각>
<요금정보>유료</요금정보>
<주차기본시간>5</주차기본시간>
<주차기본요금>500</주차기본요금>
<추가단위시간>5</추가단위시간>
<추가단위요금>500</추가단위요금>
<_1일주차권요금적용시간>0</_1일주차권요금적용시간>
<_1일주차권요금>0</_1일주차권요금>
<월정기권요금>250000</월정기권요금>
<결제방법>현금+신용카드</결제방법>
<특기사항/>
<관리기관명>서울특별시 중구청</관리기관명>
<전화번호>02-2280-8360</전화번호>
<위도>37.565322</위도>
<경도>126.995969</경도>
<데이터기준일자>2018-11-05</데이터기준일자>
</Row>
<Row>
<주차장관리번호>101-1-000003</주차장관리번호>
<주차장명>한국은행뒤 공영주차장</주차장명>
<주차장구분>공영</주차장구분>
<주차장유형>노상</주차장유형>
<소재지도로명주소>서울특별시 중구 남대문로5길</소재지도로명주소>
<소재지지번주소>서울특별시 중구 북창동 93-31</소재지지번주소>
<주차구획수>25</주차구획수>
<급지구분>1</급지구분>
<부제시행구분>미시행</부제시행구분>
<운영요일>평일+토요일</운영요일>
<평일운영시작시각>08:00</평일운영시작시각>
<평일운영종료시각>22:00</평일운영종료시각>
<토요일운영시작시각>09:00</토요일운영시작시각>
<토요일운영종료시각>22:00</토요일운영종료시각>
<공휴일운영시작시각>00:00</공휴일운영시작시각>
<공휴일운영종료시각>00:00</공휴일운영종료시각>
<요금정보>유료</요금정보>
<주차기본시간>5</주차기본시간>
<주차기본요금>600</주차기본요금>
<추가단위시간>5</추가단위시간>
<추가단위요금>600</추가단위요금>
<_1일주차권요금적용시간>0</_1일주차권요금적용시간>
<_1일주차권요금>0</_1일주차권요금>
<월정기권요금>250000</월정기권요금>
<결제방법>현금+신용카드</결제방법>
<특기사항/>
<관리기관명>서울특별시 중구청</관리기관명>
<전화번호>02-2280-8360</전화번호>
<위도>37.562301</위도>
<경도>126.979021</경도>
<데이터기준일자>2018-11-05</데이터기준일자>
</Row>
<Row>
<주차장관리번호>101-1-000004</주차장관리번호>
<주차장명>다동쉼터 공영주차장</주차장명>
<주차장구분>공영</주차장구분>
<주차장유형>노상</주차장유형>
<소재지도로명주소>서울특별시 중구 다동길</소재지도로명주소>
<소재지지번주소>서울특별시 중구 다동 46-1</소재지지번주소>
<주차구획수>7</주차구획수>
<급지구분>1</급지구분>
<부제시행구분>미시행</부제시행구분>
<운영요일>평일+토요일</운영요일>
<평일운영시작시각>08:00</평일운영시작시각>
<평일운영종료시각>22:00</평일운영종료시각>
<토요일운영시작시각>09:00</토요일운영시작시각>
<토요일운영종료시각>22:00</토요일운영종료시각>
<공휴일운영시작시각>00:00</공휴일운영시작시각>
<공휴일운영종료시각>00:00</공휴일운영종료시각>
<요금정보>유료</요금정보>
<주차기본시간>5</주차기본시간>
<주차기본요금>600</주차기본요금>
<추가단위시간>5</추가단위시간>
<추가단위요금>600</추가단위요금>
<_1일주차권요금적용시간>0</_1일주차권요금적용시간>
<_1일주차권요금>0</_1일주차권요금>
<월정기권요금>250000</월정기권요금>
<결제방법>현금+신용카드</결제방법>
<특기사항/>
<관리기관명>서울특별시 중구청</관리기관명>
<전화번호>02-2280-8360</전화번호>
<위도>37.567959</위도>
<경도>126.979861</경도>
<데이터기준일자>2018-11-05</데이터기준일자>
</Row>
<Row>
<주차장관리번호>101-1-000005</주차장관리번호>
<주차장명>해운센터앞 공영주차장</주차장명>
<주차장구분>공영</주차장구분>
<주차장유형>노상</주차장유형>
<소재지도로명주소>서울특별시 중구 소공로</소재지도로명주소>
<소재지지번주소>서울특별시 중구 소공동 59</소재지지번주소>
<주차구획수>9</주차구획수>
<급지구분>1</급지구분>
<부제시행구분>미시행</부제시행구분>
<운영요일>평일+토요일</운영요일>
<평일운영시작시각>08:00</평일운영시작시각>
<평일운영종료시각>22:00</평일운영종료시각>
<토요일운영시작시각>09:00</토요일운영시작시각>
<토요일운영종료시각>22:00</토요일운영종료시각>
<공휴일운영시작시각>00:00</공휴일운영시작시각>
<공휴일운영종료시각>00:00</공휴일운영종료시각>
<요금정보>유료</요금정보>
<주차기본시간>5</주차기본시간>
<주차기본요금>600</주차기본요금>
<추가단위시간>5</추가단위시간>
<추가단위요금>600</추가단위요금>
<_1일주차권요금적용시간>0</_1일주차권요금적용시간>
<_1일주차권요금>0</_1일주차권요금>
<월정기권요금>250000</월정기권요금>
<결제방법>현금+신용카드</결제방법>
<특기사항/>
<관리기관명>서울특별시 중구청</관리기관명>
<전화번호>02-2280-8360</전화번호>
<위도>37.563201</위도>
<경도>126.980670</경도>
<데이터기준일자>2018-11-05</데이터기준일자>
</Row>
<Row>
<주차장관리번호>101-1-000006</주차장관리번호>
<주차장명>뉴국제호텔앞 공영주차장</주차장명>
<주차장구분>공영</주차장구분>
<주차장유형>노상</주차장유형>
<소재지도로명주소>서울특별시 중구 세종대로22길</소재지도로명주소>
<소재지지번주소>서울특별시 중구 태평로1가 29-5</소재지지번주소>
<주차구획수>19</주차구획수>
<급지구분>1</급지구분>
<부제시행구분>미시행</부제시행구분>
<운영요일>평일+토요일</운영요일>
<평일운영시작시각>08:00</평일운영시작시각>
<평일운영종료시각>22:00</평일운영종료시각>
<토요일운영시작시각>09:00</토요일운영시작시각>
<토요일운영종료시각>22:00</토요일운영종료시각>
<공휴일운영시작시각>00:00</공휴일운영시작시각>
<공휴일운영종료시각>00:00</공휴일운영종료시각>
<요금정보>유료</요금정보>
<주차기본시간>5</주차기본시간>
<주차기본요금>600</주차기본요금>
<추가단위시간>5</추가단위시간>
<추가단위요금>600</추가단위요금>
<_1일주차권요금적용시간>0</_1일주차권요금적용시간>
<_1일주차권요금>0</_1일주차권요금>
<월정기권요금>250000</월정기권요금>
<결제방법>현금+신용카드</결제방법>
<특기사항/>
<관리기관명>서울특별시 중구청</관리기관명>
<전화번호>02-2280-8360</전화번호>
<위도>37.568130</위도>
<경도>126.977995</경도>
<데이터기준일자>2018-11-05</데이터기준일자>
</Row>
<Row>
<주차장관리번호>101-1-000007</주차장관리번호>
<주차장명>이화여고앞 공영주차장</주차장명>
<주차장구분>공영</주차장구분>
<주차장유형>노상</주차장유형>
<소재지도로명주소>서울특별시 중구 통일로4길</소재지도로명주소>
<소재지지번주소>서울특별시 중구 순화동 1-139</소재지지번주소>
<주차구획수>13</주차구획수>
<급지구분>2</급지구분>
<부제시행구분>미시행</부제시행구분>
<운영요일>평일+토요일</운영요일>
<평일운영시작시각>08:00</평일운영시작시각>
<평일운영종료시각>22:00</평일운영종료시각>
<토요일운영시작시각>09:00</토요일운영시작시각>
<토요일운영종료시각>22:00</토요일운영종료시각>
<공휴일운영시작시각>00:00</공휴일운영시작시각>
<공휴일운영종료시각>00:00</공휴일운영종료시각>
<요금정보>유료</요금정보>
<주차기본시간>5</주차기본시간>
<주차기본요금>250</주차기본요금>
<추가단위시간>5</추가단위시간>
<추가단위요금>250</추가단위요금>
<_1일주차권요금적용시간>0</_1일주차권요금적용시간>
<_1일주차권요금>0</_1일주차권요금>
<월정기권요금>180000</월정기권요금>
<결제방법>현금+신용카드</결제방법>
<특기사항/>
<관리기관명>서울특별시 중구청</관리기관명>
<전화번호>02-2280-8360</전화번호>
<위도>37.565223</위도>
<경도>126.968475</경도>
<데이터기준일자>2018-11-05</데이터기준일자>
</Row>
<Row>
<주차장관리번호>101-1-000008</주차장관리번호>
<주차장명>국제화재빌딩옆 공영주차장</주차장명>
<주차장구분>공영</주차장구분>
<주차장유형>노상</주차장유형>
<소재지도로명주소>서울특별시 중구 소월로</소재지도로명주소>
<소재지지번주소>서울특별시 중구 남대문로5가 145</소재지지번주소>
<주차구획수>12</주차구획수>
<급지구분>1</급지구분>
<부제시행구분>미시행</부제시행구분>
<운영요일>평일+토요일</운영요일>
<평일운영시작시각>07:00</평일운영시작시각>
<평일운영종료시각>21:00</평일운영종료시각>
<토요일운영시작시각>09:00</토요일운영시작시각>
<토요일운영종료시각>21:00</토요일운영종료시각>
<공휴일운영시작시각>00:00</공휴일운영시작시각>
<공휴일운영종료시각>00:00</공휴일운영종료시각>
<요금정보>유료</요금정보>
<주차기본시간>5</주차기본시간>
<주차기본요금>500</주차기본요금>
<추가단위시간>5</추가단위시간>
<추가단위요금>500</추가단위요금>
<_1일주차권요금적용시간>0</_1일주차권요금적용시간>
<_1일주차권요금>0</_1일주차권요금>
<월정기권요금>250000</월정기권요금>
<결제방법>현금+신용카드</결제방법>
<특기사항/>
<관리기관명>서울특별시 중구청</관리기관명>
<전화번호>02-2280-8360</전화번호>
<위도>37.558302</위도>
<경도>126.975913</경도>
<데이터기준일자>2018-11-05</데이터기준일자>
</Row>
<Row>
<주차장관리번호>101-1-000009</주차장관리번호>
<주차장명>대림상가 공영주차장</주차장명>
<주차장구분>공영</주차장구분>
<주차장유형>노상</주차장유형>
<소재지도로명주소>서울특별시 중구 을지로19길</소재지도로명주소>
<소재지지번주소>서울특별시 중구 산림동 264-11</소재지지번주소>
<주차구획수>73</주차구획수>
<급지구분>1</급지구분>
<부제시행구분>미시행</부제시행구분>
<운영요일>평일+토요일</운영요일>
<평일운영시작시각>09:00</평일운영시작시각>
<평일운영종료시각>20:00</평일운영종료시각>
<토요일운영시작시각>09:00</토요일운영시작시각>
<토요일운영종료시각>16:00</토요일운영종료시각>
<공휴일운영시작시각>00:00</공휴일운영시작시각>
<공휴일운영종료시각>00:00</공휴일운영종료시각>
<요금정보>유료</요금정보>
<주차기본시간>5</주차기본시간>
<주차기본요금>500</주차기본요금>
<추가단위시간>5</추가단위시간>
<추가단위요금>500</추가단위요금>
<_1일주차권요금적용시간>660</_1일주차권요금적용시간>
<_1일주차권요금>20000</_1일주차권요금>
<월정기권요금>250000</월정기권요금>
<결제방법>현금+신용카드</결제방법>
<특기사항/>
<관리기관명>서울특별시 중구청</관리기관명>
<전화번호>02-2280-8360</전화번호>
<위도>37.567707</위도>
<경도>126.995570</경도>
<데이터기준일자>2018-11-05</데이터기준일자>
</Row>
<Row>
<주차장관리번호>101-1-000010</주차장관리번호>
<주차장명>연세세브란스빌딩뒤 공영주차장</주차장명>
<주차장구분>공영</주차장구분>
<주차장유형>노상</주차장유형>
<소재지도로명주소>서울특별시 중구 세종대로2길</소재지도로명주소>
<소재지지번주소>서울특별시 중구 남대문로5가 217</소재지지번주소>
<주차구획수>17</주차구획수>
<급지구분>1</급지구분>
<부제시행구분>미시행</부제시행구분>
<운영요일>평일+토요일</운영요일>
<평일운영시작시각>08:00</평일운영시작시각>
<평일운영종료시각>22:00</평일운영종료시각>
<토요일운영시작시각>09:00</토요일운영시작시각>
<토요일운영종료시각>22:00</토요일운영종료시각>
<공휴일운영시작시각>00:00</공휴일운영시작시각>
<공휴일운영종료시각>00:00</공휴일운영종료시각>
<요금정보>유료</요금정보>
<주차기본시간>5</주차기본시간>
<주차기본요금>500</주차기본요금>
<추가단위시간>5</추가단위시간>
<추가단위요금>500</추가단위요금>
<_1일주차권요금적용시간>0</_1일주차권요금적용시간>
<_1일주차권요금>0</_1일주차권요금>
<월정기권요금>250000</월정기권요금>
<결제방법>현금+신용카드</결제방법>
<특기사항/>
<관리기관명>서울특별시 중구청</관리기관명>
<전화번호>02-2280-8360</전화번호>
<위도>37.557527</위도>
<경도>126.974121</경도>
<데이터기준일자>2018-11-05</데이터기준일자>
</Row>
<Row>
<주차장관리번호>101-1-000011</주차장관리번호>
<주차장명>청소년회관뒤 공영주차장</주차장명>
<주차장구분>공영</주차장구분>
<주차장유형>노상</주차장유형>
<소재지도로명주소>서울특별시 중구 충무로9길</소재지도로명주소>
<소재지지번주소>서울특별시 중구 수표동 50-1</소재지지번주소>
<주차구획수>8</주차구획수>
<급지구분>1</급지구분>
<부제시행구분>미시행</부제시행구분>
<운영요일>평일+토요일</운영요일>
<평일운영시작시각>08:00</평일운영시작시각>
<평일운영종료시각>22:00</평일운영종료시각>
<토요일운영시작시각>09:00</토요일운영시작시각>
<토요일운영종료시각>22:00</토요일운영종료시각>
<공휴일운영시작시각>00:00</공휴일운영시작시각>
<공휴일운영종료시각>00:00</공휴일운영종료시각>
<요금정보>유료</요금정보>
<주차기본시간>5</주차기본시간>
<주차기본요금>500</주차기본요금>
<추가단위시간>5</추가단위시간>
<추가단위요금>500</추가단위요금>
<_1일주차권요금적용시간>0</_1일주차권요금적용시간>
<_1일주차권요금>0</_1일주차권요금>
<월정기권요금>250000</월정기권요금>
<결제방법>현금+신용카드</결제방법>
<특기사항/>
<관리기관명>서울특별시 중구청</관리기관명>
<전화번호>02-2280-8360</전화번호>
<위도>37.567387</위도>
<경도>126.989612</경도>
<데이터기준일자>2018-11-05</데이터기준일자>
</Row>
<Row>
<주차장관리번호>101-1-000012</주차장관리번호>
<주차장명>진양상가옆 공영주차장</주차장명>
<주차장구분>공영</주차장구분>
<주차장유형>노상</주차장유형>
<소재지도로명주소>서울특별시 중구 퇴계로41길</소재지도로명주소>
<소재지지번주소>서울특별시 중구 퇴계로 41길</소재지지번주소>
<주차구획수>103</주차구획수>
<급지구분>1</급지구분>
<부제시행구분>미시행</부제시행구분>
<운영요일>평일+토요일</운영요일>
<평일운영시작시각>09:00</평일운영시작시각>
<평일운영종료시각>19:00</평일운영종료시각>
<토요일운영시작시각>09:00</토요일운영시작시각>
<토요일운영종료시각>15:00</토요일운영종료시각>
<공휴일운영시작시각>00:00</공휴일운영시작시각>
<공휴일운영종료시각>00:00</공휴일운영종료시각>
<요금정보>유료</요금정보>
<주차기본시간>5</주차기본시간>
<주차기본요금>500</주차기본요금>
<추가단위시간>5</추가단위시간>
<추가단위요금>500</추가단위요금>
<_1일주차권요금적용시간>600</_1일주차권요금적용시간>
<_1일주차권요금>20000</_1일주차권요금>
<월정기권요금>250000</월정기권요금>
<결제방법>현금+신용카드</결제방법>
<특기사항/>
<관리기관명>서울특별시 중구청</관리기관명>
<전화번호>02-2280-8360</전화번호>
<위도>37.562540</위도>
<경도>126.996126</경도>
<데이터기준일자>2018-11-05</데이터기준일자>
</Row>
<Row>
<주차장관리번호>101-1-000013</주차장관리번호>
<주차장명>한진면세점앞 공영주차장</주차장명>
<주차장구분>공영</주차장구분>
<주차장유형>노상</주차장유형>
<소재지도로명주소>서울특별시 중구 소월로</소재지도로명주소>
<소재지지번주소>서울특별시 중구 남대문로5가 533</소재지지번주소>
<주차구획수>18</주차구획수>
<급지구분>2</급지구분>
<부제시행구분>미시행</부제시행구분>
<운영요일>평일+토요일</운영요일>
<평일운영시작시각>08:00</평일운영시작시각>
<평일운영종료시각>22:00</평일운영종료시각>
<토요일운영시작시각>09:00</토요일운영시작시각>
<토요일운영종료시각>22:00</토요일운영종료시각>
<공휴일운영시작시각>00:00</공휴일운영시작시각>
<공휴일운영종료시각>00:00</공휴일운영종료시각>
<요금정보>유료</요금정보>
<주차기본시간>5</주차기본시간>
<주차기본요금>250</주차기본요금>
<추가단위시간>5</추가단위시간>
<추가단위요금>250</추가단위요금>
<_1일주차권요금적용시간>0</_1일주차권요금적용시간>
<_1일주차권요금>0</_1일주차권요금>
<월정기권요금>180000</월정기권요금>
<결제방법>현금+신용카드</결제방법>
<특기사항/>
<관리기관명>서울특별시 중구청</관리기관명>
<전화번호>02-2280-8360</전화번호>
<위도>37.556129</위도>
<경도>126.975289</경도>
<데이터기준일자>2018-11-05</데이터기준일자>
</Row>
<Row>
<주차장관리번호>101-1-000014</주차장관리번호>
<주차장명>남대문피혁상가남측 공영주차장</주차장명>
<주차장구분>공영</주차장구분>
<주차장유형>노상</주차장유형>
<소재지도로명주소>서울특별시 중구 세종대로5길</소재지도로명주소>
<소재지지번주소>서울특별시 중구 봉래동1가 13-6</소재지지번주소>
<주차구획수>25</주차구획수>
<급지구분>1</급지구분>
<부제시행구분>미시행</부제시행구분>
<운영요일>평일+토요일</운영요일>
<평일운영시작시각>08:00</평일운영시작시각>
<평일운영종료시각>22:00</평일운영종료시각>
<토요일운영시작시각>09:00</토요일운영시작시각>
<토요일운영종료시각>22:00</토요일운영종료시각>
<공휴일운영시작시각>00:00</공휴일운영시작시각>
<공휴일운영종료시각>00:00</공휴일운영종료시각>
<요금정보>유료</요금정보>
<주차기본시간>5</주차기본시간>
<주차기본요금>500</주차기본요금>
<추가단위시간>5</추가단위시간>
<추가단위요금>500</추가단위요금>
<_1일주차권요금적용시간>0</_1일주차권요금적용시간>
<_1일주차권요금>0</_1일주차권요금>
<월정기권요금>250000</월정기권요금>
<결제방법>현금+신용카드</결제방법>
<특기사항/>
<관리기관명>서울특별시 중구청</관리기관명>
<전화번호>02-2280-8360</전화번호>
<위도>37.559194</위도>
<경도>126.973435</경도>
<데이터기준일자>2018-11-05</데이터기준일자>
</Row>
<Row>
<주차장관리번호>101-1-000015</주차장관리번호>
<주차장명>코오롱빌딩옆 공영주차장</주차장명>
<주차장구분>공영</주차장구분>
<주차장유형>노상</주차장유형>
<소재지도로명주소>서울특별시 중구 세종대로20길</소재지도로명주소>
<소재지지번주소>서울특별시 중구 태평로1가 29-8</소재지지번주소>
<주차구획수>18</주차구획수>
<급지구분>1</급지구분>
<부제시행구분>미시행</부제시행구분>
<운영요일>평일+토요일</운영요일>
<평일운영시작시각>08:00</평일운영시작시각>
<평일운영종료시각>22:00</평일운영종료시각>
<토요일운영시작시각>09:00</토요일운영시작시각>
<토요일운영종료시각>22:00</토요일운영종료시각>
<공휴일운영시작시각>00:00</공휴일운영시작시각>
<공휴일운영종료시각>00:00</공휴일운영종료시각>
<요금정보>유료</요금정보>
<주차기본시간>5</주차기본시간>
<주차기본요금>600</주차기본요금>
<추가단위시간>5</추가단위시간>
<추가단위요금>600</추가단위요금>
<_1일주차권요금적용시간>0</_1일주차권요금적용시간>
<_1일주차권요금>0</_1일주차권요금>
<월정기권요금>250000</월정기권요금>
<결제방법>현금+신용카드</결제방법>
<특기사항/>
<관리기관명>서울특별시 중구청</관리기관명>
<전화번호>02-2280-8360</전화번호>
<위도>37.567932</위도>
<경도>126.978260</경도>
<데이터기준일자>2018-11-05</데이터기준일자>
</Row>
<Row>
<주차장관리번호>101-1-000016</주차장관리번호>
<주차장명>그린빌딩옆 공영주차장</주차장명>
<주차장구분>공영</주차장구분>
<주차장유형>노상</주차장유형>
<소재지도로명주소>서울특별시 중구 소월로</소재지도로명주소>
<소재지지번주소>서울특별시 중구 남대문로5가 267</소재지지번주소>
<주차구획수>33</주차구획수>
<급지구분>2</급지구분>
<부제시행구분>미시행</부제시행구분>
<운영요일>평일+토요일</운영요일>
<평일운영시작시각>08:00</평일운영시작시각>
<평일운영종료시각>22:00</평일운영종료시각>
<토요일운영시작시각>09:00</토요일운영시작시각>
<토요일운영종료시각>22:00</토요일운영종료시각>
<공휴일운영시작시각>00:00</공휴일운영시작시각>
<공휴일운영종료시각>00:00</공휴일운영종료시각>
<요금정보>유료</요금정보>
<주차기본시간>5</주차기본시간>
<주차기본요금>250</주차기본요금>
<추가단위시간>5</추가단위시간>
<추가단위요금>250</추가단위요금>
<_1일주차권요금적용시간>0</_1일주차권요금적용시간>
<_1일주차권요금>0</_1일주차권요금>
<월정기권요금>180000</월정기권요금>
<결제방법>현금+신용카드</결제방법>
<특기사항/>
<관리기관명>서울특별시 중구청</관리기관명>
<전화번호>02-2280-8360</전화번호>
<위도>37.556721</위도>
<경도>126.975945</경도>
<데이터기준일자>2018-11-05</데이터기준일자>
</Row>
<Row>
<주차장관리번호>101-1-000017</주차장관리번호>
<주차장명>한국관광공사옆 공영주차장</주차장명>
<주차장구분>공영</주차장구분>
<주차장유형>노상</주차장유형>
<소재지도로명주소>서울특별시 중구 남대문로</소재지도로명주소>
<소재지지번주소>서울특별시 중구 다동 85-4</소재지지번주소>
<주차구획수>9</주차구획수>
<급지구분>1</급지구분>
<부제시행구분>미시행</부제시행구분>
<운영요일>평일+토요일</운영요일>
<평일운영시작시각>08:00</평일운영시작시각>
<평일운영종료시각>22:00</평일운영종료시각>
<토요일운영시작시각>09:00</토요일운영시작시각>
<토요일운영종료시각>22:00</토요일운영종료시각>
<공휴일운영시작시각>00:00</공휴일운영시작시각>
<공휴일운영종료시각>00:00</공휴일운영종료시각>
<요금정보>유료</요금정보>
<주차기본시간>5</주차기본시간>
<주차기본요금>600</주차기본요금>
<추가단위시간>5</추가단위시간>
<추가단위요금>600</추가단위요금>
<_1일주차권요금적용시간>0</_1일주차권요금적용시간>
<_1일주차권요금>0</_1일주차권요금>
<월정기권요금>250000</월정기권요금>
<결제방법>현금+신용카드</결제방법>
<특기사항/>
<관리기관명>서울특별시 중구청</관리기관명>
<전화번호>02-2280-8360</전화번호>
<위도>37.568194</위도>
<경도>126.981999</경도>
<데이터기준일자>2018-11-05</데이터기준일자>
</Row>
<Row>
<주차장관리번호>101-1-000018</주차장관리번호>
<주차장명>맑은내길 공영주차장</주차장명>
<주차장구분>공영</주차장구분>
<주차장유형>노상</주차장유형>
<소재지도로명주소>서울특별시 중구 마장로1길</소재지도로명주소>
<소재지지번주소>서울특별시 중구 신당동 217-123</소재지지번주소>
<주차구획수>17</주차구획수>
<급지구분>1</급지구분>
<부제시행구분>미시행</부제시행구분>
<운영요일>평일+토요일+공휴일</운영요일>
<평일운영시작시각>08:00</평일운영시작시각>
<평일운영종료시각>00:00</평일운영종료시각>
<토요일운영시작시각>00:00</토요일운영시작시각>
<토요일운영종료시각>00:00</토요일운영종료시각>
<공휴일운영시작시각>00:00</공휴일운영시작시각>
<공휴일운영종료시각>00:00</공휴일운영종료시각>
<요금정보>유료</요금정보>
<주차기본시간>5</주차기본시간>
<주차기본요금>500</주차기본요금>
<추가단위시간>5</추가단위시간>
<추가단위요금>500</추가단위요금>
<_1일주차권요금적용시간>0</_1일주차권요금적용시간>
<_1일주차권요금>0</_1일주차권요금>
<월정기권요금>250000</월정기권요금>
<결제방법>현금+신용카드</결제방법>
<특기사항/>
<관리기관명>서울특별시 중구청</관리기관명>
<전화번호>02-2280-8360</전화번호>
<위도>37.569414</위도>
<경도>127.012269</경도>
<데이터기준일자>2018-11-05</데이터기준일자>
</Row>
<Row>
<주차장관리번호>101-1-000019</주차장관리번호>
<주차장명>남평화시장앞 공영주차장</주차장명>
<주차장구분>공영</주차장구분>
<주차장유형>노상</주차장유형>
<소재지도로명주소>서울특별시 중구 마장로1길</소재지도로명주소>
<소재지지번주소>서울특별시 중구  신당동 772</소재지지번주소>
<주차구획수>32</주차구획수>
<급지구분>1</급지구분>
<부제시행구분>미시행</부제시행구분>
<운영요일>평일+토요일+공휴일</운영요일>
<평일운영시작시각>08:00</평일운영시작시각>
<평일운영종료시각>00:00</평일운영종료시각>
<토요일운영시작시각>00:00</토요일운영시작시각>
<토요일운영종료시각>00:00</토요일운영종료시각>
<공휴일운영시작시각>00:00</공휴일운영시작시각>
<공휴일운영종료시각>00:00</공휴일운영종료시각>
<요금정보>유료</요금정보>
<주차기본시간>5</주차기본시간>
<주차기본요금>500</주차기본요금>
<추가단위시간>5</추가단위시간>
<추가단위요금>500</추가단위요금>
<_1일주차권요금적용시간>0</_1일주차권요금적용시간>
<_1일주차권요금>0</_1일주차권요금>
<월정기권요금>250000</월정기권요금>
<결제방법>현금+신용카드</결제방법>
<특기사항/>
<관리기관명>서울특별시 중구청</관리기관명>
<전화번호>02-2280-8360</전화번호>
<위도>37.569157</위도>
<경도>127.010806</경도>
<데이터기준일자>2018-11-05</데이터기준일자>
</Row>
<Row>
<주차장관리번호>101-1-000020</주차장관리번호>
<주차장명>조선호텔앞 공영주차장</주차장명>
<주차장구분>공영</주차장구분>
<주차장유형>노상</주차장유형>
<소재지도로명주소>서울특별시 중구 남대문로7길</소재지도로명주소>
<소재지지번주소>서울특별시 중구 소공동 86-5</소재지지번주소>
<주차구획수>12</주차구획수>
<급지구분>1</급지구분>
<부제시행구분>미시행</부제시행구분>
<운영요일>평일+토요일</운영요일>
<평일운영시작시각>08:00</평일운영시작시각>
<평일운영종료시각>22:00</평일운영종료시각>
<토요일운영시작시각>09:00</토요일운영시작시각>
<토요일운영종료시각>22:00</토요일운영종료시각>
<공휴일운영시작시각>00:00</공휴일운영시작시각>
<공휴일운영종료시각>00:00</공휴일운영종료시각>
<요금정보>유료</요금정보>
<주차기본시간>5</주차기본시간>
<주차기본요금>600</주차기본요금>
<추가단위시간>5</추가단위시간>
<추가단위요금>600</추가단위요금>
<_1일주차권요금적용시간>0</_1일주차권요금적용시간>
<_1일주차권요금>0</_1일주차권요금>
<월정기권요금>250000</월정기권요금>
<결제방법>현금+신용카드</결제방법>
<특기사항/>
<관리기관명>서울특별시 중구청</관리기관명>
<전화번호>02-2280-8360</전화번호>
<위도>37.563825</위도>
<경도>126.979837</경도>
<데이터기준일자>2018-11-05</데이터기준일자>
</Row>
<Row>
<주차장관리번호>101-1-000021</주차장관리번호>
<주차장명>서소문올리브타워옆 공영주차장</주차장명>
<주차장구분>공영</주차장구분>
<주차장유형>노상</주차장유형>
<소재지도로명주소>서울특별시 중구 세종대로9길 41</소재지도로명주소>
<소재지지번주소>서울특별시 중구 서소문동 135-1</소재지지번주소>
<주차구획수>16</주차구획수>
<급지구분>1</급지구분>
<부제시행구분>미시행</부제시행구분>
<운영요일>평일+토요일</운영요일>
<평일운영시작시각>08:00</평일운영시작시각>
<평일운영종료시각>22:00</평일운영종료시각>
<토요일운영시작시각>09:00</토요일운영시작시각>
<토요일운영종료시각>22:00</토요일운영종료시각>
<공휴일운영시작시각>00:00</공휴일운영시작시각>
<공휴일운영종료시각>00:00</공휴일운영종료시각>
<요금정보>유료</요금정보>
<주차기본시간>5</주차기본시간>
<주차기본요금>400</주차기본요금>
<추가단위시간>5</추가단위시간>
<추가단위요금>400</추가단위요금>
<_1일주차권요금적용시간>0</_1일주차권요금적용시간>
<_1일주차권요금>0</_1일주차권요금>
<월정기권요금>200000</월정기권요금>
<결제방법>현금+신용카드</결제방법>
<특기사항/>
<관리기관명>서울특별시 중구청</관리기관명>
<전화번호>02-2280-8360</전화번호>
<위도>37.561632</위도>
<경도>126.972760</경도>
<데이터기준일자>2018-11-05</데이터기준일자>
</Row>
<Row>
<주차장관리번호>101-1-000022</주차장관리번호>
<주차장명>훈련원공원옆 공영주차장</주차장명>
<주차장구분>공영</주차장구분>
<주차장유형>노상</주차장유형>
<소재지도로명주소>서울특별시 중구 을지로39길</소재지도로명주소>
<소재지지번주소>서울특별시 중구 을지로6가 18-4</소재지지번주소>
<주차구획수>8</주차구획수>
<급지구분>1</급지구분>
<부제시행구분>미시행</부제시행구분>
<운영요일>평일+토요일</운영요일>
<평일운영시작시각>08:00</평일운영시작시각>
<평일운영종료시각>22:00</평일운영종료시각>
<토요일운영시작시각>09:00</토요일운영시작시각>
<토요일운영종료시각>22:00</토요일운영종료시각>
<공휴일운영시작시각>00:00</공휴일운영시작시각>
<공휴일운영종료시각>00:00</공휴일운영종료시각>
<요금정보>유료</요금정보>
<주차기본시간>5</주차기본시간>
<주차기본요금>350</주차기본요금>
<추가단위시간>5</추가단위시간>
<추가단위요금>350</추가단위요금>
<_1일주차권요금적용시간>0</_1일주차권요금적용시간>
<_1일주차권요금>0</_1일주차권요금>
<월정기권요금>180000</월정기권요금>
<결제방법>현금+신용카드</결제방법>
<특기사항/>
<관리기관명>서울특별시 중구청</관리기관명>
<전화번호>02-2280-8360</전화번호>
<위도>37.567669</위도>
<경도>127.005012</경도>
<데이터기준일자>2018-11-05</데이터기준일자>
</Row>
<Row>
<주차장관리번호>101-1-000023</주차장관리번호>
<주차장명>국립의료원옆 공영주차장</주차장명>
<주차장구분>공영</주차장구분>
<주차장유형>노상</주차장유형>
<소재지도로명주소>서울특별시 중구 을지로 41</소재지도로명주소>
<소재지지번주소>서울특별시 중구 을지로 43길</소재지지번주소>
<주차구획수>15</주차구획수>
<급지구분>1</급지구분>
<부제시행구분>미시행</부제시행구분>
<운영요일>평일+토요일</운영요일>
<평일운영시작시각>08:00</평일운영시작시각>
<평일운영종료시각>22:00</평일운영종료시각>
<토요일운영시작시각>09:00</토요일운영시작시각>
<토요일운영종료시각>22:00</토요일운영종료시각>
<공휴일운영시작시각>00:00</공휴일운영시작시각>
<공휴일운영종료시각>00:00</공휴일운영종료시각>
<요금정보>유료</요금정보>
<주차기본시간>5</주차기본시간>
<주차기본요금>350</주차기본요금>
<추가단위시간>5</추가단위시간>
<추가단위요금>350</추가단위요금>
<_1일주차권요금적용시간>0</_1일주차권요금적용시간>
<_1일주차권요금>0</_1일주차권요금>
<월정기권요금>180000</월정기권요금>
<결제방법>현금+신용카드</결제방법>
<특기사항/>
<관리기관명>서울특별시 중구청</관리기관명>
<전화번호>02-2280-8360</전화번호>
<위도>37.567106</위도>
<경도>127.006069</경도>
<데이터기준일자>2018-11-05</데이터기준일자>
</Row>
<Row>
<주차장관리번호>101-1-000024</주차장관리번호>
<주차장명>진양상가 인공도로 공영주차장</주차장명>
<주차장구분>공영</주차장구분>
<주차장유형>노상</주차장유형>
<소재지도로명주소>서울특별시 중구 퇴계로41길 신성상가 서측 인공도로</소재지도로명주소>
<소재지지번주소>서울특별시 중구 인현동2가 192-56</소재지지번주소>
<주차구획수>55</주차구획수>
<급지구분>1</급지구분>
<부제시행구분>미시행</부제시행구분>
<운영요일>평일+토요일+공휴일</운영요일>
<평일운영시작시각>06:00</평일운영시작시각>
<평일운영종료시각>21:00</평일운영종료시각>
<토요일운영시작시각>06:00</토요일운영시작시각>
<토요일운영종료시각>18:00</토요일운영종료시각>
<공휴일운영시작시각>06:00</공휴일운영시작시각>
<공휴일운영종료시각>18:00</공휴일운영종료시각>
<요금정보>유료</요금정보>
<주차기본시간>5</주차기본시간>
<주차기본요금>500</주차기본요금>
<추가단위시간>5</추가단위시간>
<추가단위요금>500</추가단위요금>
<_1일주차권요금적용시간>0</_1일주차권요금적용시간>
<_1일주차권요금>0</_1일주차권요금>
<월정기권요금>250000</월정기권요금>
<결제방법>현금+신용카드</결제방법>
<특기사항/>
<관리기관명>서울특별시 중구청</관리기관명>
<전화번호>02-2280-8360</전화번호>
<위도>37.563618</위도>
<경도>126.995559</경도>
<데이터기준일자>2018-11-05</데이터기준일자>
</Row>
<Row>
<주차장관리번호>101-2-000001</주차장관리번호>
<주차장명>충현 공영주차장</주차장명>
<주차장구분>공영</주차장구분>
<주차장유형>노외</주차장유형>
<소재지도로명주소>서울특별시 중구 동호로11나길 47</소재지도로명주소>
<소재지지번주소>서울특별시 중구 신당2동 432-462</소재지지번주소>
<주차구획수>111</주차구획수>
<급지구분>3</급지구분>
<부제시행구분>요일제</부제시행구분>
<운영요일>평일+토요일+공휴일</운영요일>
<평일운영시작시각>00:00</평일운영시작시각>
<평일운영종료시각>00:00</평일운영종료시각>
<토요일운영시작시각>00:00</토요일운영시작시각>
<토요일운영종료시각>00:00</토요일운영종료시각>
<공휴일운영시작시각>00:00</공휴일운영시작시각>
<공휴일운영종료시각>00:00</공휴일운영종료시각>
<요금정보>유료</요금정보>
<주차기본시간>5</주차기본시간>
<주차기본요금>150</주차기본요금>
<추가단위시간>5</추가단위시간>
<추가단위요금>150</추가단위요금>
<_1일주차권요금적용시간>0</_1일주차권요금적용시간>
<_1일주차권요금>0</_1일주차권요금>
<월정기권요금>140000</월정기권요금>
<결제방법>신용카드</결제방법>
<특기사항/>
<관리기관명>서울특별시 중구청</관리기관명>
<전화번호>02-2280-8360</전화번호>
<위도>37.552153</위도>
<경도>127.005645</경도>
<데이터기준일자>2018-11-05</데이터기준일자>
</Row>
<Row>
<주차장관리번호>101-2-000002</주차장관리번호>
<주차장명>충현어린이공원 공영주차장</주차장명>
<주차장구분>공영</주차장구분>
<주차장유형>노외</주차장유형>
<소재지도로명주소>서울특별시 중구 동호로11나길 47</소재지도로명주소>
<소재지지번주소>서울특별시 중구 신당2동 432-2483</소재지지번주소>
<주차구획수>24</주차구획수>
<급지구분>3</급지구분>
<부제시행구분>요일제</부제시행구분>
<운영요일>평일+토요일</운영요일>
<평일운영시작시각>00:00</평일운영시작시각>
<평일운영종료시각>00:00</평일운영종료시각>
<토요일운영시작시각>00:00</토요일운영시작시각>
<토요일운영종료시각>00:00</토요일운영종료시각>
<공휴일운영시작시각>00:00</공휴일운영시작시각>
<공휴일운영종료시각>00:00</공휴일운영종료시각>
<요금정보>유료</요금정보>
<주차기본시간>5</주차기본시간>
<주차기본요금>150</주차기본요금>
<추가단위시간>5</추가단위시간>
<추가단위요금>150</추가단위요금>
<_1일주차권요금적용시간>0</_1일주차권요금적용시간>
<_1일주차권요금>0</_1일주차권요금>
<월정기권요금>140000</월정기권요금>
<결제방법>신용카드</결제방법>
<특기사항>거주민 월정기 전용</특기사항>
<관리기관명>서울특별시 중구청</관리기관명>
<전화번호>02-2280-8360</전화번호>
<위도>37.552118</위도>
<경도>127.005300</경도>
<데이터기준일자>2018-11-05</데이터기준일자>
</Row>
<Row>
<주차장관리번호>101-2-000003</주차장관리번호>
<주차장명>초동 공영주차장</주차장명>
<주차장구분>공영</주차장구분>
<주차장유형>노외</주차장유형>
<소재지도로명주소>서울특별시 중구 마른내로 38</소재지도로명주소>
<소재지지번주소>서울특별시 중구 초동 64-11</소재지지번주소>
<주차구획수>73</주차구획수>
<급지구분>1</급지구분>
<부제시행구분>요일제</부제시행구분>
<운영요일>평일+토요일+공휴일</운영요일>
<평일운영시작시각>07:00</평일운영시작시각>
<평일운영종료시각>23:00</평일운영종료시각>
<토요일운영시작시각>10:00</토요일운영시작시각>
<토요일운영종료시각>19:00</토요일운영종료시각>
<공휴일운영시작시각>08:00</공휴일운영시작시각>
<공휴일운영종료시각>17:00</공휴일운영종료시각>
<요금정보>유료</요금정보>
<주차기본시간>5</주차기본시간>
<주차기본요금>400</주차기본요금>
<추가단위시간>5</추가단위시간>
<추가단위요금>400</추가단위요금>
<_1일주차권요금적용시간>960</_1일주차권요금적용시간>
<_1일주차권요금>20000</_1일주차권요금>
<월정기권요금>350000</월정기권요금>
<결제방법>신용카드</결제방법>
<특기사항/>
<관리기관명>서울특별시 중구청</관리기관명>
<전화번호>02-2261-0162</전화번호>
<위도>37.564184</위도>
<경도>126.992101</경도>
<데이터기준일자>2018-11-05</데이터기준일자>
</Row>
<Row>
<주차장관리번호>101-2-000004</주차장관리번호>
<주차장명>신당사거리 공영주차장</주차장명>
<주차장구분>공영</주차장구분>
<주차장유형>노외</주차장유형>
<소재지도로명주소>서울특별시 중구 퇴계로 408</소재지도로명주소>
<소재지지번주소>서울특별시 중구 신당5동 110-1</소재지지번주소>
<주차구획수>45</주차구획수>
<급지구분>2</급지구분>
<부제시행구분>요일제</부제시행구분>
<운영요일>평일+토요일+공휴일</운영요일>
<평일운영시작시각>07:00</평일운영시작시각>
<평일운영종료시각>23:00</평일운영종료시각>
<토요일운영시작시각>09:00</토요일운영시작시각>
<토요일운영종료시각>18:00</토요일운영종료시각>
<공휴일운영시작시각>09:00</공휴일운영시작시각>
<공휴일운영종료시각>18:00</공휴일운영종료시각>
<요금정보>유료</요금정보>
<주차기본시간>5</주차기본시간>
<주차기본요금>250</주차기본요금>
<추가단위시간>5</추가단위시간>
<추가단위요금>250</추가단위요금>
<_1일주차권요금적용시간>0</_1일주차권요금적용시간>
<_1일주차권요금>0</_1일주차권요금>
<월정기권요금>240000</월정기권요금>
<결제방법>신용카드</결제방법>
<특기사항/>
<관리기관명>서울특별시 중구청</관리기관명>
<전화번호>02-2231-0445</전화번호>
<위도>37.565173</위도>
<경도>127.016990</경도>
<데이터기준일자>2018-11-05</데이터기준일자>
</Row>
<Row>
<주차장관리번호>101-2-000005</주차장관리번호>
<주차장명>성곽 공영주차장</주차장명>
<주차장구분>공영</주차장구분>
<주차장유형>노외</주차장유형>
<소재지도로명주소>서울특별시 중구 동호로17길 201</소재지도로명주소>
<소재지지번주소>서울특별시 중구 다산동 432-2026</소재지지번주소>
<주차구획수>46</주차구획수>
<급지구분>3</급지구분>
<부제시행구분>요일제</부제시행구분>
<운영요일>평일+토요일</운영요일>
<평일운영시작시각>11:00</평일운영시작시각>
<평일운영종료시각>20:00</평일운영종료시각>
<토요일운영시작시각>11:00</토요일운영시작시각>
<토요일운영종료시각>16:00</토요일운영종료시각>
<공휴일운영시작시각>00:00</공휴일운영시작시각>
<공휴일운영종료시각>00:00</공휴일운영종료시각>
<요금정보>유료</요금정보>
<주차기본시간>5</주차기본시간>
<주차기본요금>150</주차기본요금>
<추가단위시간>5</추가단위시간>
<추가단위요금>150</추가단위요금>
<_1일주차권요금적용시간>0</_1일주차권요금적용시간>
<_1일주차권요금>0</_1일주차권요금>
<월정기권요금>140000</월정기권요금>
<결제방법>신용카드</결제방법>
<특기사항/>
<관리기관명>서울특별시 중구청</관리기관명>
<전화번호>02-2252-3369</전화번호>
<위도>37.550508</위도>
<경도>127.004799</경도>
<데이터기준일자>2018-11-05</데이터기준일자>
</Row>
<Row>
<주차장관리번호>101-2-000006</주차장관리번호>
<주차장명>약수동 공영주차장</주차장명>
<주차장구분>공영</주차장구분>
<주차장유형>노외</주차장유형>
<소재지도로명주소>서울특별시 중구 동호로8다길 22</소재지도로명주소>
<소재지지번주소>서울특별시 중구 약수동 349-234</소재지지번주소>
<주차구획수>90</주차구획수>
<급지구분>3</급지구분>
<부제시행구분>요일제</부제시행구분>
<운영요일>평일+토요일+공휴일</운영요일>
<평일운영시작시각>00:00</평일운영시작시각>
<평일운영종료시각>00:00</평일운영종료시각>
<토요일운영시작시각>00:00</토요일운영시작시각>
<토요일운영종료시각>00:00</토요일운영종료시각>
<공휴일운영시작시각>00:00</공휴일운영시작시각>
<공휴일운영종료시각>00:00</공휴일운영종료시각>
<요금정보>유료</요금정보>
<주차기본시간>5</주차기본시간>
<주차기본요금>150</주차기본요금>
<추가단위시간>5</추가단위시간>
<추가단위요금>150</추가단위요금>
<_1일주차권요금적용시간>0</_1일주차권요금적용시간>
<_1일주차권요금>0</_1일주차권요금>
<월정기권요금>140000</월정기권요금>
<결제방법>신용카드</결제방법>
<특기사항/>
<관리기관명>서울특별시 중구청</관리기관명>
<전화번호>02-2280-8360</전화번호>
<위도>37.552237</위도>
<경도>127.013300</경도>
<데이터기준일자>2018-11-05</데이터기준일자>
</Row>
<Row>
<주차장관리번호>101-2-000007</주차장관리번호>
<주차장명>문화 공영주차장</주차장명>
<주차장구분>공영</주차장구분>
<주차장유형>노외</주차장유형>
<소재지도로명주소>서울특별시 중구 동호로12길 29</소재지도로명주소>
<소재지지번주소>서울특별시 중구 다산동 425-1</소재지지번주소>
<주차구획수>31</주차구획수>
<급지구분>3</급지구분>
<부제시행구분>요일제</부제시행구분>
<운영요일>평일+토요일+공휴일</운영요일>
<평일운영시작시각>07:00</평일운영시작시각>
<평일운영종료시각>23:00</평일운영종료시각>
<토요일운영시작시각>09:00</토요일운영시작시각>
<토요일운영종료시각>18:00</토요일운영종료시각>
<공휴일운영시작시각>09:00</공휴일운영시작시각>
<공휴일운영종료시각>18:00</공휴일운영종료시각>
<요금정보>유료</요금정보>
<주차기본시간>5</주차기본시간>
<주차기본요금>150</주차기본요금>
<추가단위시간>5</추가단위시간>
<추가단위요금>150</추가단위요금>
<_1일주차권요금적용시간>0</_1일주차권요금적용시간>
<_1일주차권요금>0</_1일주차권요금>
<월정기권요금>140000</월정기권요금>
<결제방법>신용카드</결제방법>
<특기사항/>
<관리기관명>서울특별시 중구청</관리기관명>
<전화번호>02-2252-5314</전화번호>
<위도>37.556504</위도>
<경도>127.010985</경도>
<데이터기준일자>2018-11-05</데이터기준일자>
</Row>
<Row>
<주차장관리번호>101-2-000008</주차장관리번호>
<주차장명>필동 공영주차장</주차장명>
<주차장구분>공영</주차장구분>
<주차장유형>노외</주차장유형>
<소재지도로명주소>서울특별시 중구 필동로 55</소재지도로명주소>
<소재지지번주소>서울특별시 중구 필동3가 62-12</소재지지번주소>
<주차구획수>48</주차구획수>
<급지구분>3</급지구분>
<부제시행구분>요일제</부제시행구분>
<운영요일>평일+토요일+공휴일</운영요일>
<평일운영시작시각>00:00</평일운영시작시각>
<평일운영종료시각>00:00</평일운영종료시각>
<토요일운영시작시각>00:00</토요일운영시작시각>
<토요일운영종료시각>00:00</토요일운영종료시각>
<공휴일운영시작시각>00:00</공휴일운영시작시각>
<공휴일운영종료시각>00:00</공휴일운영종료시각>
<요금정보>유료</요금정보>
<주차기본시간>5</주차기본시간>
<주차기본요금>150</주차기본요금>
<추가단위시간>5</추가단위시간>
<추가단위요금>150</추가단위요금>
<_1일주차권요금적용시간>0</_1일주차권요금적용시간>
<_1일주차권요금>0</_1일주차권요금>
<월정기권요금>140000</월정기권요금>
<결제방법>신용카드</결제방법>
<특기사항/>
<관리기관명>서울특별시 중구청</관리기관명>
<전화번호>02-2280-8360</전화번호>
<위도>37.556530</위도>
<경도>126.995820</경도>
<데이터기준일자>2018-11-05</데이터기준일자>
</Row>
<Row>
<주차장관리번호>101-2-000009</주차장관리번호>
<주차장명>다산동 공영주차장</주차장명>
<주차장구분>공영</주차장구분>
<주차장유형>노외</주차장유형>
<소재지도로명주소>서울특별시 중구 동호로15길 60</소재지도로명주소>
<소재지지번주소>서울특별시 중구 다산동 432-1584</소재지지번주소>
<주차구획수>86</주차구획수>
<급지구분>3</급지구분>
<부제시행구분>요일제</부제시행구분>
<운영요일>평일+토요일</운영요일>
<평일운영시작시각>11:00</평일운영시작시각>
<평일운영종료시각>20:00</평일운영종료시각>
<토요일운영시작시각>11:00</토요일운영시작시각>
<토요일운영종료시각>16:00</토요일운영종료시각>
<공휴일운영시작시각>00:00</공휴일운영시작시각>
<공휴일운영종료시각>00:00</공휴일운영종료시각>
<요금정보>유료</요금정보>
<주차기본시간>5</주차기본시간>
<주차기본요금>150</주차기본요금>
<추가단위시간>5</추가단위시간>
<추가단위요금>150</추가단위요금>
<_1일주차권요금적용시간>0</_1일주차권요금적용시간>
<_1일주차권요금>0</_1일주차권요금>
<월정기권요금>140000</월정기권요금>
<결제방법>신용카드</결제방법>
<특기사항/>
<관리기관명>서울특별시 중구청</관리기관명>
<전화번호>02-2238-3379</전화번호>
<위도>37.554284</위도>
<경도>127.008584</경도>
<데이터기준일자>2018-11-05</데이터기준일자>
</Row>
<Row>
<주차장관리번호>101-2-000010</주차장관리번호>
<주차장명>청구 공영주차장</주차장명>
<주차장구분>공영</주차장구분>
<주차장유형>노외</주차장유형>
<소재지도로명주소>서울특별시 중구 다산로 174</소재지도로명주소>
<소재지지번주소>서울특별시 중구 청구동 330-17</소재지지번주소>
<주차구획수>51</주차구획수>
<급지구분>2</급지구분>
<부제시행구분>요일제</부제시행구분>
<운영요일>평일+토요일</운영요일>
<평일운영시작시각>09:00</평일운영시작시각>
<평일운영종료시각>20:00</평일운영종료시각>
<토요일운영시작시각>09:00</토요일운영시작시각>
<토요일운영종료시각>16:00</토요일운영종료시각>
<공휴일운영시작시각>00:00</공휴일운영시작시각>
<공휴일운영종료시각>00:00</공휴일운영종료시각>
<요금정보>유료</요금정보>
<주차기본시간>5</주차기본시간>
<주차기본요금>250</주차기본요금>
<추가단위시간>5</추가단위시간>
<추가단위요금>250</추가단위요금>
<_1일주차권요금적용시간>0</_1일주차권요금적용시간>
<_1일주차권요금>0</_1일주차권요금>
<월정기권요금>240000</월정기권요금>
<결제방법>신용카드</결제방법>
<특기사항/>
<관리기관명>서울특별시 중구청</관리기관명>
<전화번호>02-2234-9773</전화번호>
<위도>37.558923</위도>
<경도>127.013344</경도>
<데이터기준일자>2018-11-05</데이터기준일자>
</Row>
<Row>
<주차장관리번호>101-2-000011</주차장관리번호>
<주차장명>버티 공영주차장</주차장명>
<주차장구분>공영</주차장구분>
<주차장유형>노외</주차장유형>
<소재지도로명주소>서울특별시 중구 동호로17길 270</소재지도로명주소>
<소재지지번주소>서울특별시 중구 다산동 432-1693</소재지지번주소>
<주차구획수>92</주차구획수>
<급지구분>3</급지구분>
<부제시행구분>요일제</부제시행구분>
<운영요일>평일+토요일</운영요일>
<평일운영시작시각>11:00</평일운영시작시각>
<평일운영종료시각>20:00</평일운영종료시각>
<토요일운영시작시각>00:00</토요일운영시작시각>
<토요일운영종료시각>00:00</토요일운영종료시각>
<공휴일운영시작시각>11:00</공휴일운영시작시각>
<공휴일운영종료시각>16:00</공휴일운영종료시각>
<요금정보>유료</요금정보>
<주차기본시간>5</주차기본시간>
<주차기본요금>150</주차기본요금>
<추가단위시간>5</추가단위시간>
<추가단위요금>150</추가단위요금>
<_1일주차권요금적용시간>0</_1일주차권요금적용시간>
<_1일주차권요금>0</_1일주차권요금>
<월정기권요금>140000</월정기권요금>
<결제방법>신용카드</결제방법>
<특기사항/>
<관리기관명>서울특별시 중구청</관리기관명>
<전화번호>02-2234-9747</전화번호>
<위도>37.549029</위도>
<경도>127.006254</경도>
<데이터기준일자>2018-11-05</데이터기준일자>
</Row>
<Row>
<주차장관리번호>101-2-000012</주차장관리번호>
<주차장명>서소문삼성생명뒤 공영주차장</주차장명>
<주차장구분>공영</주차장구분>
<주차장유형>노외</주차장유형>
<소재지도로명주소>서울특별시 중구 서소문로12길</소재지도로명주소>
<소재지지번주소>서울특별시 중구 서소문동 122</소재지지번주소>
<주차구획수>51</주차구획수>
<급지구분>1</급지구분>
<부제시행구분>요일제</부제시행구분>
<운영요일>평일+토요일+공휴일</운영요일>
<평일운영시작시각>07:00</평일운영시작시각>
<평일운영종료시각>23:00</평일운영종료시각>
<토요일운영시작시각>09:00</토요일운영시작시각>
<토요일운영종료시각>18:00</토요일운영종료시각>
<공휴일운영시작시각>09:00</공휴일운영시작시각>
<공휴일운영종료시각>18:00</공휴일운영종료시각>
<요금정보>유료</요금정보>
<주차기본시간>5</주차기본시간>
<주차기본요금>400</주차기본요금>
<추가단위시간>5</추가단위시간>
<추가단위요금>400</추가단위요금>
<_1일주차권요금적용시간>960</_1일주차권요금적용시간>
<_1일주차권요금>20000</_1일주차권요금>
<월정기권요금>350000</월정기권요금>
<결제방법>신용카드</결제방법>
<특기사항/>
<관리기관명>서울특별시 중구청</관리기관명>
<전화번호>02-310-9588</전화번호>
<위도>37.561704</위도>
<경도>126.974241</경도>
<데이터기준일자>2018-11-05</데이터기준일자>
</Row>
<Row>
<주차장관리번호>101-2-000013</주차장관리번호>
<주차장명>신당역 공영주차장</주차장명>
<주차장구분>공영</주차장구분>
<주차장유형>노외</주차장유형>
<소재지도로명주소>서울특별시 중구 다산로44길 67</소재지도로명주소>
<소재지지번주소>서울특별시 중구 신당5동 140-29</소재지지번주소>
<주차구획수>26</주차구획수>
<급지구분>2</급지구분>
<부제시행구분>요일제</부제시행구분>
<운영요일>평일+토요일+공휴일</운영요일>
<평일운영시작시각>07:00</평일운영시작시각>
<평일운영종료시각>23:00</평일운영종료시각>
<토요일운영시작시각>09:00</토요일운영시작시각>
<토요일운영종료시각>18:00</토요일운영종료시각>
<공휴일운영시작시각>09:00</공휴일운영시작시각>
<공휴일운영종료시각>18:00</공휴일운영종료시각>
<요금정보>유료</요금정보>
<주차기본시간>5</주차기본시간>
<주차기본요금>250</주차기본요금>
<추가단위시간>5</추가단위시간>
<추가단위요금>250</추가단위요금>
<_1일주차권요금적용시간>0</_1일주차권요금적용시간>
<_1일주차권요금>0</_1일주차권요금>
<월정기권요금>240000</월정기권요금>
<결제방법>신용카드</결제방법>
<특기사항/>
<관리기관명>서울특별시 중구청</관리기관명>
<전화번호>02-2238-7004</전화번호>
<위도>37.565269</위도>
<경도>127.020745</경도>
<데이터기준일자>2018-11-05</데이터기준일자>
</Row>
<Row>
<주차장관리번호>101-2-000014</주차장관리번호>
<주차장명>장충 공영주차장</주차장명>
<주차장구분>공영</주차장구분>
<주차장유형>노외</주차장유형>
<소재지도로명주소>서울특별시 중구 퇴계로50길 59</소재지도로명주소>
<소재지지번주소>서울특별시 중구 장충동2가 193-39</소재지지번주소>
<주차구획수>106</주차구획수>
<급지구분>3</급지구분>
<부제시행구분>요일제</부제시행구분>
<운영요일>평일+토요일+공휴일</운영요일>
<평일운영시작시각>07:00</평일운영시작시각>
<평일운영종료시각>23:00</평일운영종료시각>
<토요일운영시작시각>09:00</토요일운영시작시각>
<토요일운영종료시각>18:00</토요일운영종료시각>
<공휴일운영시작시각>09:00</공휴일운영시작시각>
<공휴일운영종료시각>18:00</공휴일운영종료시각>
<요금정보>유료</요금정보>
<주차기본시간>5</주차기본시간>
<주차기본요금>150</주차기본요금>
<추가단위시간>5</추가단위시간>
<추가단위요금>150</추가단위요금>
<_1일주차권요금적용시간>0</_1일주차권요금적용시간>
<_1일주차권요금>0</_1일주차권요금>
<월정기권요금>140000</월정기권요금>
<결제방법>신용카드</결제방법>
<특기사항/>
<관리기관명>서울특별시 중구청</관리기관명>
<전화번호>02-2277-7004</전화번호>
<위도>37.559936</위도>
<경도>127.001294</경도>
<데이터기준일자>2018-11-05</데이터기준일자>
</Row>
<Row>
<주차장관리번호>101-2-000015</주차장관리번호>
<주차장명>손기정체육공원 공영주차장</주차장명>
<주차장구분>공영</주차장구분>
<주차장유형>노외</주차장유형>
<소재지도로명주소>서울특별시 중구 손기정로 101</소재지도로명주소>
<소재지지번주소>서울특별시 중구 만리동2가 6-1</소재지지번주소>
<주차구획수>162</주차구획수>
<급지구분>3</급지구분>
<부제시행구분>요일제</부제시행구분>
<운영요일>평일+토요일+공휴일</운영요일>
<평일운영시작시각>00:00</평일운영시작시각>
<평일운영종료시각>00:00</평일운영종료시각>
<토요일운영시작시각>00:00</토요일운영시작시각>
<토요일운영종료시각>00:00</토요일운영종료시각>
<공휴일운영시작시각>00:00</공휴일운영시작시각>
<공휴일운영종료시각>00:00</공휴일운영종료시각>
<요금정보>유료</요금정보>
<주차기본시간>5</주차기본시간>
<주차기본요금>150</주차기본요금>
<추가단위시간>5</추가단위시간>
<추가단위요금>150</추가단위요금>
<_1일주차권요금적용시간>0</_1일주차권요금적용시간>
<_1일주차권요금>0</_1일주차권요금>
<월정기권요금>140000</월정기권요금>
<결제방법>신용카드</결제방법>
<특기사항/>
<관리기관명>서울특별시 중구청</관리기관명>
<전화번호>02-364-7003</전화번호>
<위도>37.555509</위도>
<경도>126.964774</경도>
<데이터기준일자>2018-11-05</데이터기준일자>
</Row>
<Row>
<주차장관리번호>101-2-000016</주차장관리번호>
<주차장명>다동공원 제4 공영주차장</주차장명>
<주차장구분>공영</주차장구분>
<주차장유형>노외</주차장유형>
<소재지도로명주소>서울특별시 중구 을지로1길 48</소재지도로명주소>
<소재지지번주소>서울특별시 중구 다동 39-3</소재지지번주소>
<주차구획수>15</주차구획수>
<급지구분>1</급지구분>
<부제시행구분>요일제</부제시행구분>
<운영요일>평일+토요일+공휴일</운영요일>
<평일운영시작시각>09:00</평일운영시작시각>
<평일운영종료시각>23:00</평일운영종료시각>
<토요일운영시작시각>09:00</토요일운영시작시각>
<토요일운영종료시각>23:00</토요일운영종료시각>
<공휴일운영시작시각>00:00</공휴일운영시작시각>
<공휴일운영종료시각>00:00</공휴일운영종료시각>
<요금정보>유료</요금정보>
<주차기본시간>5</주차기본시간>
<주차기본요금>400</주차기본요금>
<추가단위시간>5</추가단위시간>
<추가단위요금>400</추가단위요금>
<_1일주차권요금적용시간>0</_1일주차권요금적용시간>
<_1일주차권요금>0</_1일주차권요금>
<월정기권요금>350000</월정기권요금>
<결제방법>신용카드</결제방법>
<특기사항/>
<관리기관명>서울특별시 중구청</관리기관명>
<전화번호>02-756-7008</전화번호>
<위도>37.568192</위도>
<경도>126.980203</경도>
<데이터기준일자>2018-11-05</데이터기준일자>
</Row>
<Row>
<주차장관리번호>101-2-000017</주차장관리번호>
<주차장명>동산 공영주차장</주차장명>
<주차장구분>공영</주차장구분>
<주차장유형>노외</주차장유형>
<소재지도로명주소>서울특별시 중구 다산로24가길 23</소재지도로명주소>
<소재지지번주소>서울특별시 중구 신당4동 333-260</소재지지번주소>
<주차구획수>83</주차구획수>
<급지구분>3</급지구분>
<부제시행구분>요일제</부제시행구분>
<운영요일>평일+토요일+공휴일</운영요일>
<평일운영시작시각>00:00</평일운영시작시각>
<평일운영종료시각>00:00</평일운영종료시각>
<토요일운영시작시각>00:00</토요일운영시작시각>
<토요일운영종료시각>00:00</토요일운영종료시각>
<공휴일운영시작시각>00:00</공휴일운영시작시각>
<공휴일운영종료시각>00:00</공휴일운영종료시각>
<요금정보>유료</요금정보>
<주차기본시간>5</주차기본시간>
<주차기본요금>150</주차기본요금>
<추가단위시간>5</추가단위시간>
<추가단위요금>150</추가단위요금>
<_1일주차권요금적용시간>0</_1일주차권요금적용시간>
<_1일주차권요금>0</_1일주차권요금>
<월정기권요금>140000</월정기권요금>
<결제방법>신용카드</결제방법>
<특기사항/>
<관리기관명>서울특별시 중구청</관리기관명>
<전화번호>02-2280-8360</전화번호>
<위도>37.556287</위도>
<경도>127.015938</경도>
<데이터기준일자>2018-11-05</데이터기준일자>
</Row>
<Row>
<주차장관리번호>101-2-000018</주차장관리번호>
<주차장명>남산동 공영주차장</주차장명>
<주차장구분>공영</주차장구분>
<주차장유형>노외</주차장유형>
<소재지도로명주소>서울특별시 중구 퇴계로20길 24</소재지도로명주소>
<소재지지번주소>서울특별시 중구 남산동2가 30-4</소재지지번주소>
<주차구획수>49</주차구획수>
<급지구분>2</급지구분>
<부제시행구분>요일제</부제시행구분>
<운영요일>평일+토요일+공휴일</운영요일>
<평일운영시작시각>00:00</평일운영시작시각>
<평일운영종료시각>00:00</평일운영종료시각>
<토요일운영시작시각>00:00</토요일운영시작시각>
<토요일운영종료시각>00:00</토요일운영종료시각>
<공휴일운영시작시각>00:00</공휴일운영시작시각>
<공휴일운영종료시각>00:00</공휴일운영종료시각>
<요금정보>유료</요금정보>
<주차기본시간>5</주차기본시간>
<주차기본요금>250</주차기본요금>
<추가단위시간>5</추가단위시간>
<추가단위요금>250</추가단위요금>
<_1일주차권요금적용시간>0</_1일주차권요금적용시간>
<_1일주차권요금>0</_1일주차권요금>
<월정기권요금>240000</월정기권요금>
<결제방법>신용카드</결제방법>
<특기사항/>
<관리기관명>서울특별시 중구청</관리기관명>
<전화번호>02-755-7004</전화번호>
<위도>37.559175</위도>
<경도>126.985503</경도>
<데이터기준일자>2018-11-05</데이터기준일자>
</Row>
<Row>
<주차장관리번호>101-2-000020</주차장관리번호>
<주차장명>신당동 공영주차장</주차장명>
<주차장구분>공영</주차장구분>
<주차장유형>노외</주차장유형>
<소재지도로명주소>서울특별시 중구 청구로8길 40</소재지도로명주소>
<소재지지번주소>서울특별시 중구 신당동 300-11</소재지지번주소>
<주차구획수>24</주차구획수>
<급지구분>2</급지구분>
<부제시행구분>요일제</부제시행구분>
<운영요일>평일+토요일+공휴일</운영요일>
<평일운영시작시각>08:00</평일운영시작시각>
<평일운영종료시각>00:00</평일운영종료시각>
<토요일운영시작시각>09:00</토요일운영시작시각>
<토요일운영종료시각>00:00</토요일운영종료시각>
<공휴일운영시작시각>09:00</공휴일운영시작시각>
<공휴일운영종료시각>00:00</공휴일운영종료시각>
<요금정보>유료</요금정보>
<주차기본시간>5</주차기본시간>
<주차기본요금>250</주차기본요금>
<추가단위시간>5</추가단위시간>
<추가단위요금>250</추가단위요금>
<_1일주차권요금적용시간>0</_1일주차권요금적용시간>
<_1일주차권요금>0</_1일주차권요금>
<월정기권요금>240000</월정기권요금>
<결제방법>신용카드</결제방법>
<특기사항/>
<관리기관명>서울특별시 중구청</관리기관명>
<전화번호>02-2235-7003</전화번호>
<위도>37.562026</위도>
<경도>127.014296</경도>
<데이터기준일자>2018-11-05</데이터기준일자>
</Row>
<Row>
<주차장관리번호>101-2-000021</주차장관리번호>
<주차장명>새싹마을 공영주차장</주차장명>
<주차장구분>공영</주차장구분>
<주차장유형>노외</주차장유형>
<소재지도로명주소>서울특별시 중구 동호로12길 97</소재지도로명주소>
<소재지지번주소>서울특별시 중구 신당동 304-759</소재지지번주소>
<주차구획수>12</주차구획수>
<급지구분>3</급지구분>
<부제시행구분>요일제</부제시행구분>
<운영요일>평일+토요일+공휴일</운영요일>
<평일운영시작시각>00:00</평일운영시작시각>
<평일운영종료시각>00:00</평일운영종료시각>
<토요일운영시작시각>00:00</토요일운영시작시각>
<토요일운영종료시각>00:00</토요일운영종료시각>
<공휴일운영시작시각>00:00</공휴일운영시작시각>
<공휴일운영종료시각>00:00</공휴일운영종료시각>
<요금정보>유료</요금정보>
<주차기본시간>5</주차기본시간>
<주차기본요금>0</주차기본요금>
<추가단위시간>5</추가단위시간>
<추가단위요금>0</추가단위요금>
<_1일주차권요금적용시간>0</_1일주차권요금적용시간>
<_1일주차권요금>0</_1일주차권요금>
<월정기권요금>140000</월정기권요금>
<결제방법>현금</결제방법>
<특기사항>거주민 월정기 전용</특기사항>
<관리기관명>서울특별시 중구청</관리기관명>
<전화번호>02-2280-8360</전화번호>
<위도>37.559560</위도>
<경도>127.012171</경도>
<데이터기준일자>2018-11-05</데이터기준일자>
</Row>
<Row>
<주차장관리번호>101-2-000023</주차장관리번호>
<주차장명>묵정공원지하 공영주차장</주차장명>
<주차장구분>공영</주차장구분>
<주차장유형>노외</주차장유형>
<소재지도로명주소>서울특별시 중구 퇴계로45길 32-12</소재지도로명주소>
<소재지지번주소>서울특별시 중구 충무로5가 21</소재지지번주소>
<주차구획수>502</주차구획수>
<급지구분>1</급지구분>
<부제시행구분>요일제</부제시행구분>
<운영요일>평일+토요일+공휴일</운영요일>
<평일운영시작시각>00:00</평일운영시작시각>
<평일운영종료시각>00:00</평일운영종료시각>
<토요일운영시작시각>00:00</토요일운영시작시각>
<토요일운영종료시각>00:00</토요일운영종료시각>
<공휴일운영시작시각>00:00</공휴일운영시작시각>
<공휴일운영종료시각>00:00</공휴일운영종료시각>
<요금정보>유료</요금정보>
<주차기본시간>5</주차기본시간>
<주차기본요금>400</주차기본요금>
<추가단위시간>5</추가단위시간>
<추가단위요금>400</추가단위요금>
<_1일주차권요금적용시간>0</_1일주차권요금적용시간>
<_1일주차권요금>0</_1일주차권요금>
<월정기권요금>350000</월정기권요금>
<결제방법>신용카드</결제방법>
<특기사항/>
<관리기관명>서울특별시 중구청</관리기관명>
<전화번호>02-2280-8370</전화번호>
<위도>37.563676</위도>
<경도>126.999787</경도>
<데이터기준일자>2018-11-05</데이터기준일자>
</Row>
<Row>
<주차장관리번호>101-2-000024</주차장관리번호>
<주차장명>다산아트 공영주차장</주차장명>
<주차장구분>공영</주차장구분>
<주차장유형>노외</주차장유형>
<소재지도로명주소>서울특별시 중구 동호로17길 173</소재지도로명주소>
<소재지지번주소>서울특별시 중구 신당동 432-1558</소재지지번주소>
<주차구획수>76</주차구획수>
<급지구분>3</급지구분>
<부제시행구분>요일제</부제시행구분>
<운영요일>평일+토요일</운영요일>
<평일운영시작시각>08:00</평일운영시작시각>
<평일운영종료시각>23:00</평일운영종료시각>
<토요일운영시작시각>08:00</토요일운영시작시각>
<토요일운영종료시각>23:00</토요일운영종료시각>
<공휴일운영시작시각>00:00</공휴일운영시작시각>
<공휴일운영종료시각>00:00</공휴일운영종료시각>
<요금정보>유료</요금정보>
<주차기본시간>5</주차기본시간>
<주차기본요금>150</주차기본요금>
<추가단위시간>5</추가단위시간>
<추가단위요금>150</추가단위요금>
<_1일주차권요금적용시간>0</_1일주차권요금적용시간>
<_1일주차권요금>0</_1일주차권요금>
<월정기권요금>140000</월정기권요금>
<결제방법>신용카드</결제방법>
<특기사항/>
<관리기관명>서울특별시 중구청</관리기관명>
<전화번호>02-2231-4584</전화번호>
<위도>37.551570</위도>
<경도>127.004236</경도>
<데이터기준일자>2018-11-05</데이터기준일자>
</Row>
<Row>
<주차장관리번호>101-2-000025</주차장관리번호>
<주차장명>황학어린이공원 공영주차장</주차장명>
<주차장구분>공영</주차장구분>
<주차장유형>노외</주차장유형>
<소재지도로명주소>서울특별시 중구 다산로48길 33</소재지도로명주소>
<소재지지번주소>서울특별시 중구 황학동 755</소재지지번주소>
<주차구획수>113</주차구획수>
<급지구분>1</급지구분>
<부제시행구분>요일제</부제시행구분>
<운영요일>평일+토요일+공휴일</운영요일>
<평일운영시작시각>00:00</평일운영시작시각>
<평일운영종료시각>00:00</평일운영종료시각>
<토요일운영시작시각>00:00</토요일운영시작시각>
<토요일운영종료시각>00:00</토요일운영종료시각>
<공휴일운영시작시각>00:00</공휴일운영시작시각>
<공휴일운영종료시각>00:00</공휴일운영종료시각>
<요금정보>유료</요금정보>
<주차기본시간>5</주차기본시간>
<주차기본요금>400</주차기본요금>
<추가단위시간>5</추가단위시간>
<추가단위요금>400</추가단위요금>
<_1일주차권요금적용시간>0</_1일주차권요금적용시간>
<_1일주차권요금>0</_1일주차권요금>
<월정기권요금>180000</월정기권요금>
<결제방법>신용카드</결제방법>
<특기사항/>
<관리기관명>서울특별시 중구청</관리기관명>
<전화번호>02-2256-7004</전화번호>
<위도>37.567526</위도>
<경도>127.018123</경도>
<데이터기준일자>2018-11-05</데이터기준일자>
</Row>
</root>
